antibiotic,model,fold,balanced_accuracy,sensitivity,specificity,precision,f1,mcc,roc_auc,average_precision,tn,fp,fn,tp
Azithromycin,Prevalence baseline,1,0.5,0.0,1.0,0.0,0.0,0.0,0.5,0.1291248206599713,607,0,90,0
Azithromycin,Prevalence baseline,2,0.5,0.0,1.0,0.0,0.0,0.0,0.5,0.12805755395683452,606,0,89,0
Azithromycin,Prevalence baseline,3,0.5,0.0,1.0,0.0,0.0,0.0,0.5,0.12805755395683452,606,0,89,0
Azithromycin,Prevalence baseline,4,0.5,0.0,1.0,0.0,0.0,0.0,0.5,0.12805755395683452,606,0,89,0
Azithromycin,Prevalence baseline,5,0.5,0.0,1.0,0.0,0.0,0.0,0.5,0.12931034482758622,606,0,90,0
Azithromycin,Logistic regression,1,0.9320885960095185,0.8888888888888888,0.9752883031301482,0.8421052631578947,0.8648648648648649,0.8446141479058841,0.9770181219110379,0.9299096314185713,592,15,10,80
Azithromycin,Logistic regression,2,0.9552508621648681,0.9550561797752809,0.9554455445544554,0.7589285714285714,0.845771144278607,0.8275015183148293,0.9892090332628769,0.9234452595051948,579,27,4,85
Azithromycin,Logistic regression,3,0.961026439722624,0.9550561797752809,0.966996699669967,0.8095238095238095,0.8762886597938144,0.8603328155943921,0.986724515148144,0.9081294765071952,586,20,4,85
Azithromycin,Logistic regression,4,0.9644843697852932,0.9438202247191011,0.9851485148514851,0.9032258064516129,0.9230769230769231,0.9117855294756796,0.9756925130715319,0.9421376463517971,597,9,5,84
Azithromycin,Logistic regression,5,0.9304180418041804,0.8888888888888888,0.971947194719472,0.8247422680412371,0.8556149732620321,0.83402439047864,0.9839658965896589,0.8919231041880965,589,17,10,80
Azithromycin,Random forest,1,0.8948471535786198,0.8111111111111111,0.9785831960461285,0.8488372093023255,0.8295454545454546,0.8052018735629772,0.9741076331685887,0.8786895709646689,594,13,17,73
Azithromycin,Random forest,2,0.9208755145177439,0.8764044943820225,0.9653465346534653,0.7878787878787878,0.8297872340425532,0.804774569117042,0.9770645603886231,0.8597630079429035,585,21,11,78
Azithromycin,Random forest,3,0.9291263396002521,0.8764044943820225,0.9818481848184818,0.8764044943820225,0.8764044943820225,0.8582526792005043,0.9850928913116032,0.8819422846742437,595,11,11,78
Azithromycin,Random forest,4,0.929951422108503,0.8764044943820225,0.9834983498349835,0.8863636363636364,0.8813559322033898,0.8640622252335122,0.9748767011532614,0.8930845936049525,596,10,11,78
Azithromycin,Random forest,5,0.9018151815181519,0.8333333333333334,0.9702970297029703,0.8064516129032258,0.819672131147541,0.7925264647934337,0.9806013934726805,0.8815307900911555,588,18,15,75
Ciprofloxacin,Prevalence baseline,1,0.5,0.0,1.0,0.0,0.0,0.0,0.5,0.4619124797406807,332,0,285,0
Ciprofloxacin,Prevalence baseline,2,0.5,0.0,1.0,0.0,0.0,0.0,0.5,0.4627831715210356,332,0,286,0
Ciprofloxacin,Prevalence baseline,3,0.5,0.0,1.0,0.0,0.0,0.0,0.5,0.4627831715210356,332,0,286,0
Ciprofloxacin,Prevalence baseline,4,0.5,0.0,1.0,0.0,0.0,0.0,0.5,0.4619124797406807,332,0,285,0
Ciprofloxacin,Prevalence baseline,5,0.5,0.0,1.0,0.0,0.0,0.0,0.5,0.4627831715210356,332,0,286,0
Ciprofloxacin,Logistic regression,1,0.9528482350454449,0.9508771929824561,0.9548192771084337,0.9475524475524476,0.9492119089316988,0.9054763958300823,0.9851669837243712,0.9741595773889292,317,15,14,271
Ciprofloxacin,Logistic regression,2,0.9689106074648244,0.986013986013986,0.9518072289156626,0.9463087248322147,0.9657534246575342,0.9358128193362462,0.990147653551268,0.9867687994188203,316,16,4,282
Ciprofloxacin,Logistic regression,3,0.9809588002359086,0.986013986013986,0.9759036144578314,0.9724137931034482,0.9791666666666666,0.9610677604014136,0.9901160586401551,0.9865402258943944,324,8,4,282
Ciprofloxacin,Logistic regression,4,0.979428239272881,0.9859649122807017,0.9728915662650602,0.9689655172413794,0.9773913043478261,0.957794201516332,0.9930987106320017,0.9900493466462612,323,9,4,281
Ciprofloxacin,Logistic regression,5,0.9622124863088719,0.9545454545454546,0.9698795180722891,0.9646643109540636,0.9595782073813708,0.9251413791126175,0.9899528182660713,0.9902336295331733,322,10,13,273
Ciprofloxacin,Random forest,1,0.9681409849926019,0.9754385964912281,0.9608433734939759,0.9553264604810997,0.9652777777777778,0.9350672309084515,0.985573874445149,0.9594979827938181,319,13,7,278
Ciprofloxacin,Random forest,2,0.9601693487235656,0.9685314685314685,0.9518072289156626,0.9453924914675768,0.9568221070811744,0.9190184937109395,0.989773780436431,0.9836100249964783,316,16,9,277
Ciprofloxacin,Random forest,3,0.9731864521021147,0.9825174825174825,0.963855421686747,0.9590443686006825,0.9706390328151986,0.945015355024317,0.9879254781363215,0.9832255910412694,320,12,5,281
Ciprofloxacin,Random forest,4,0.9718981187909532,0.9859649122807017,0.9578313253012049,0.9525423728813559,0.9689655172413794,0.9419563316833715,0.9936588459099557,0.9932469297908777,318,14,4,281
Ciprofloxacin,Random forest,5,0.9622124863088719,0.9545454545454546,0.9698795180722891,0.9646643109540636,0.9595782073813708,0.9251413791126175,0.9913113994439295,0.9928862300959415,322,10,13,273
