antibiotic,model,continent,samples,susceptible,resistant,resistant_prevalence,eligible_for_metrics,balanced_accuracy,sensitivity,specificity,precision,f1,mcc,roc_auc,average_precision,tn,fp,fn,tp
Azithromycin,Logistic regression,Africa,44,44,0,0.0,False,,,,,,,,,,,,
Azithromycin,Logistic regression,America,1503,1247,256,0.1703260146373919,True,0.9175944140938253,0.89453125,0.9406575781876504,0.7557755775577558,0.8193202146690519,0.7825749614951175,0.9675001253007217,0.8770329372017088,1173.0,74.0,27.0,229.0
Azithromycin,Logistic regression,Asia,150,148,2,0.013333333333333334,False,,,,,,,,,,,,
Azithromycin,Logistic regression,Europe,1369,1182,187,0.13659605551497445,True,0.9833826470135816,0.9786096256684492,0.988155668358714,0.9289340101522843,0.953125,0.9459184009226443,0.993933060072206,0.9664299108870554,1168.0,14.0,4.0,183.0
Azithromycin,Logistic regression,Oceania,411,409,2,0.004866180048661801,False,,,,,,,,,,,,
Ciprofloxacin,Logistic regression,Africa,44,42,2,0.045454545454545456,False,,,,,,,,,,,,
Ciprofloxacin,Logistic regression,America,1297,600,697,0.5373939861218195,True,0.985210425633668,0.9870875179340028,0.9833333333333333,0.9856733524355301,0.9863799283154122,0.9705345743197505,0.9968364418938307,0.9979377217895758,590.0,10.0,9.0,688.0
Ciprofloxacin,Logistic regression,Asia,150,79,71,0.47333333333333333,True,0.8529149581030486,0.8450704225352113,0.8607594936708861,0.8450704225352113,0.8450704225352113,0.7058299162060974,0.9197717953289356,0.9066152535317716,68.0,11.0,11.0,60.0
Ciprofloxacin,Logistic regression,Europe,1185,654,531,0.4481012658227848,True,0.9654105979716304,0.9736346516007532,0.9571865443425076,0.9486238532110092,0.9609665427509294,0.9287827926296424,0.9852292426153411,0.9724668824878246,626.0,28.0,14.0,517.0
Ciprofloxacin,Logistic regression,Oceania,411,284,127,0.30900243309002434,True,0.964469890207386,0.9606299212598425,0.9683098591549296,0.9312977099236641,0.9457364341085271,0.9211575759840003,0.9821725629366752,0.9716654400901139,275.0,9.0,5.0,122.0
